missing,correlation,pvalue,correlation_20,pvalue_20,correlation_10,pvalue_10,correlation_5,pvalue_5
0,0.99999999999999989,0.0,1.0000000000000002,0.0,1.0000000000000002,0.0,0.99999999999999978,2.4461443463433546e-182
2,0.98912405884778232,0.0,0.93580176435614226,0.0,0.93580176435614226,0.0,0.74792048575547454,7.0555396165243137e-103
4,0.98000097906441874,0.0,0.8969140996587196,0.0,0.8969140996587196,0.0,0.5863952142386375,5.7517276089282224e-64
6,0.96791140422167266,0.0,0.84530571093322404,0.0,0.84530571093322404,0.0,0.31436508509759126,1.4001139154106947e-19
8,0.95760129474746325,0.0,0.81596402013804159,0.0,0.81596402013804159,0.0,0.295158864782818,1.9085208018528038e-17
10,0.94403972172758011,0.0,0.75738514011622804,0.0,0.75738514011622804,0.0,0.33128362766109737,1.4357969487115865e-21
12,0.93385362295557439,0.0,0.73513826545502592,0.0,0.73513826545502592,0.0,0.30416582023254601,1.977087469455087e-18
14,0.9214923310666141,0.0,0.70248822532966693,0.0,0.70248822532966693,0.0,0.28567939594849018,1.9314193384026937e-16
16,0.91196399576777198,0.0,0.68169361871533596,0.0,0.68169361871533596,0.0,0.33221816220451406,1.1072611803112365e-21
18,0.89741498534458086,0.0,0.64519300164152926,0.0,0.64519300164152926,0.0,0.24415071761719095,2.0590091923946224e-12
20,0.91203240257606322,0.0,0.85211210766487144,0.0,0.85211210766487144,0.0,0.22683602832653402,6.4964857291197412e-11
22,0.90564395235202599,0.0,0.83132566399486896,0.0,0.83132566399486896,0.0,0.24368995903552054,2.2642282949401125e-12
24,0.89787745056912682,0.0,0.79536819603344722,0.0,0.79536819603344722,0.0,0.26717545717615609,1.4323582441048536e-14
26,0.89057343426460389,0.0,0.76746756161634755,0.0,0.76746756161634755,0.0,0.25668658315183551,1.4528663600738755e-13
28,0.88224537053844687,0.0,0.73692038021878348,0.0,0.73692038021878348,0.0,0.24655525252567423,1.2505723992702366e-12
30,0.87240032931690936,0.0,0.70408450057525473,0.0,0.70408450057525473,0.0,0.25639865699848191,1.5463083934034453e-13
32,0.86194135808164207,0.0,0.67114231109740952,0.0,0.67114231109740952,0.0,0.12972386167775474,0.00018737531244149351
34,0.84975300031342593,0.0,0.64393085278466433,0.0,0.64393085278466433,0.0,0.16192017284461507,3.1229532556172485e-06
36,0.83663903141023666,0.0,0.61035290800725228,0.0,0.61035290800725228,0.0,0.21839031842918402,3.2024695975214563e-10
38,0.82437598574087545,0.0,0.58600411634055771,0.0,0.58600411634055771,0.0,0.19764913305429613,1.260061458795954e-08
40,0.81204522420950109,0.0,0.56992075564442579,0.0,0.56992075564442579,0.0,0.20755868957700707,2.2764097491586906e-09
42,0.82522776002266018,0.0,0.73700665542362076,0.0,0.73700665542362076,0.0,0.20683157129071122,2.5879210238274088e-09
44,0.81931100078416896,0.0,0.70962852073367277,0.0,0.70962852073367277,0.0,0.18913112081093764,5.1482040799157749e-08
46,0.81128885279385898,0.0,0.67370870213594725,0.0,0.67370870213594725,0.0,0.15678447419229904,6.341293422101748e-06
48,0.79786248204368349,0.0,0.64019205534582646,0.0,0.64019205534582646,0.0,0.21602777139932647,4.9520889000351149e-10
0,0.99999999999999989,0.0,1.0000000000000002,0.0,1.0000000000000002,0.0,0.99999999999999978,2.4461443463433546e-182
2,0.9898832376827692,0.0,0.94819851151982026,0.0,0.94819851151982026,0.0,0.69496306873155911,4.3493420600564977e-89
4,0.97915546326473135,0.0,0.89472643029273113,0.0,0.89472643029273113,0.0,0.58727394067881733,3.7450450079289717e-64
6,0.96933462896511691,0.0,0.85522826299067178,0.0,0.85522826299067178,0.0,0.3886264474973341,4.5299434015280213e-29
8,0.95592593680526139,0.0,0.79611168763012641,0.0,0.79611168763012641,0.0,0.38930189530816256,3.6369808239698306e-29
10,0.94489876019202346,0.0,0.75861660752043936,0.0,0.75861660752043936,0.0,0.358987554865904,4.7828078667997801e-25
12,0.93404594534535212,0.0,0.73030505773989463,0.0,0.73030505773989463,0.0,0.36396616669650689,1.0610575169769139e-25
14,0.92400631438350833,0.0,0.70544654343538893,0.0,0.70544654343538893,0.0,0.40980008833928944,3.8857592897434263e-32
16,0.90813987415344788,0.0,0.65910541316878646,0.0,0.65910541316878646,0.0,0.35936379464757812,4.2714234456080448e-25
18,0.89829437346176311,0.0,0.63424300849317938,0.0,0.63424300849317938,0.0,0.36270948691067206,1.5546744598672045e-25
20,0.90995417475478435,0.0,0.85442904904487371,0.0,0.85442904904487371,0.0,0.30945977275425374,5.0560091802878428e-19
22,0.90442086310653036,0.0,0.83107301889632068,0.0,0.83107301889632068,0.0,0.31055778111693294,3.7995164142268325e-19
24,0.89728589664717862,0.0,0.80545386603860714,0.0,0.80545386603860714,0.0,0.31483475661233717,1.2368612273242075e-19
26,0.88919286666433239,0.0,0.76879685482700799,0.0,0.76879685482700799,0.0,0.33712283689751343,2.7984498433457642e-22
28,0.88066751318807313,0.0,0.73718354102207218,0.0,0.73718354102207218,0.0,0.34131550650091985,8.5015873212743549e-23
30,0.86949996960030151,0.0,0.69057848275164169,0.0,0.69057848275164169,0.0,0.33831134048195072,1.9993129237215276e-22
32,0.85992161427235125,0.0,0.66028256681310271,0.0,0.66028256681310271,0.0,0.31011377334954554,4.2653505470508496e-19
34,0.85143638633697083,0.0,0.63718634798370055,0.0,0.63718634798370055,0.0,0.28135183005194747,5.4218504533645119e-16
36,0.83975488278378629,0.0,0.61017123933978579,0.0,0.61017123933978579,0.0,0.25622711742370236,1.6047599852268262e-13
38,0.82765206598438246,0.0,0.57769713601313488,0.0,0.57769713601313488,0.0,0.27143945336218483,5.4433528770723312e-15
40,0.81509883422420304,0.0,0.5594124111848785,0.0,0.5594124111848785,0.0,0.25752639046238462,1.2108779293424975e-13
42,0.83327673248309508,0.0,0.76090058664367333,0.0,0.76090058664367333,0.0,0.27137466744683525,5.5245753875866942e-15
44,0.82493600354887731,0.0,0.73281078612202522,0.0,0.73281078612202522,0.0,0.29457483202399859,2.2057154277398979e-17
46,0.81590023019968894,0.0,0.69988617653752039,0.0,0.69988617653752039,0.0,0.31400239426223059,1.5405930552592982e-19
48,0.80402879004636729,0.0,0.66278603319290075,0.0,0.66278603319290075,0.0,0.27174256873865033,5.0786843342645496e-15
0,0.99999999999999989,0.0,1.0000000000000002,0.0,1.0000000000000002,0.0,0.99999999999999978,2.4461443463433546e-182
2,0.99070491061827426,0.0,0.9574829340840505,0.0,0.9574829340840505,0.0,0.77226284020761549,1.4853290571396561e-109
4,0.98005137249322982,0.0,0.8984231069614842,0.0,0.8984231069614842,0.0,0.47059700861112536,7.810564973466899e-42
6,0.96961978264946092,0.0,0.85507395914142614,0.0,0.85507395914142614,0.0,0.36542350381341726,6.8020937808697765e-26
8,0.95857345495136648,0.0,0.8141039696660719,0.0,0.8141039696660719,0.0,0.41444783114926115,7.8501739055703531e-33
10,0.94798387667658457,0.0,0.78112166650389991,0.0,0.78112166650389991,0.0,0.4092452486338673,4.6976373066844239e-32
12,0.93497845930872436,0.0,0.73156418548919744,0.0,0.73156418548919744,0.0,0.37701503739365372,1.8610862838217441e-27
14,0.92436964186092951,0.0,0.69859446183680407,0.0,0.69859446183680407,0.0,0.35240867846914814,3.3904249472448684e-24
16,0.90931632895001779,0.0,0.66280473375474802,0.0,0.66280473375474802,0.0,0.34483314632530049,3.0942275836078617e-23
18,0.89918267940795749,0.0,0.63983697627176706,0.0,0.63983697627176706,0.0,0.33840382327702478,1.9475825725377632e-22
20,0.88585430840319479,0.0,0.62816018147885799,0.0,0.62816018147885799,0.0,0.31283154063788859,2.0961369719764857e-19
22,0.90406749950286247,0.0,0.82243663622055252,0.0,0.82243663622055252,0.0,0.25740930095128961,1.2420736130933364e-13
24,0.89734036002429862,0.0,0.80019931036502701,0.0,0.80019931036502701,0.0,0.25552194894546065,1.8687116067398308e-13
26,0.88915652257320854,0.0,0.75985293205254489,0.0,0.75985293205254489,0.0,0.26200480288994982,4.538716839575663e-14
28,0.88214154793548871,0.0,0.73244247358200154,0.0,0.73244247358200154,0.0,0.27724153691634912,1.4248036718388335e-15
30,0.87060463645800357,0.0,0.69460999643487897,0.0,0.69460999643487897,0.0,0.25473373212221534,2.2143921046280613e-13
32,0.85924361826311235,0.0,0.66002858929339958,0.0,0.66002858929339958,0.0,0.2487912329453342,7.8325688939914374e-13
34,0.8493185034824019,0.0,0.63023394155664747,0.0,0.63023394155664747,0.0,0.23931412977705613,5.5340678515520914e-12
36,0.83743185695907163,0.0,0.59799930567933046,0.0,0.59799930567933046,0.0,0.19672075988997348,1.4731515270977424e-08
38,0.82404115813987089,0.0,0.57231445523501567,0.0,0.57231445523501567,0.0,0.22259583888311352,1.4576251805824281e-10
40,0.81238700566537114,0.0,0.5605901534159784,0.0,0.5605901534159784,0.0,0.24213567074133757,3.1157058643729686e-12
42,0.80359004383229926,0.0,0.56804047610753128,0.0,0.56804047610753128,0.0,0.26262841704849832,3.9539037435302893e-14
44,0.81540798415097571,0.0,0.70615312557522569,0.0,0.70615312557522569,0.0,0.26037057322469126,6.5053446342603726e-14
46,0.80428364563256571,0.0,0.66351240113059662,0.0,0.66351240113059662,0.0,0.24625133705043276,1.3322691763970853e-12
48,0.79388263584562146,0.0,0.63241167166865142,0.0,0.63241167166865142,0.0,0.24347099424219051,2.3686597090993009e-12
0,0.99999999999999989,0.0,1.0000000000000002,0.0,1.0000000000000002,0.0,0.99999999999999978,2.4461443463433546e-182
2,0.98997213552580432,0.0,0.95530697415621713,0.0,0.95530697415621713,0.0,0.70493912466564523,1.3113680556221398e-91
4,0.97837280429953299,0.0,0.89411832996009988,0.0,0.89411832996009988,0.0,0.34184196013369544,7.3128628479561533e-23
6,0.9663316609505298,0.0,0.8407650985861046,0.0,0.8407650985861046,0.0,0.34463086130395276,3.280302730371437e-23
8,0.9572355840810638,0.0,0.80108703932859804,0.0,0.80108703932859804,0.0,0.44139906296746401,5.1847485644681898e-37
10,0.94687435339804671,0.0,0.7714887458107379,0.0,0.7714887458107379,0.0,0.41856091375545595,1.8782023191331939e-33
12,0.93488581045739805,0.0,0.73352216382751123,0.0,0.73352216382751123,0.0,0.3897174213625097,3.1768809134460352e-29
14,0.92378016941616181,0.0,0.70059952100563061,0.0,0.70059952100563061,0.0,0.33287649586859758,9.2166031572071441e-22
16,0.91259702821059629,0.0,0.66993536689273148,0.0,0.66993536689273148,0.0,0.32424879513210414,9.9207464606286227e-21
18,0.89935751023241106,0.0,0.63628912942439597,0.0,0.63628912942439597,0.0,0.21478676193679241,6.2149761333060973e-10
20,0.88943939408562878,0.0,0.62078886215287121,0.0,0.62078886215287121,0.0,0.22246590549429054,1.493827953446221e-10
22,0.90740479582768785,0.0,0.81647463212650828,0.0,0.81647463212650828,0.0,0.19767838850453057,1.253858439671113e-08
24,0.89889212813806385,0.0,0.77777948441044642,0.0,0.77777948441044642,0.0,0.1974773955019859,1.2970806236221247e-08
26,0.8900806428969833,0.0,0.73986926053303104,0.0,0.73986926053303104,0.0,0.19375815674188568,2.4141636747198516e-08
28,0.88264269898305048,0.0,0.7188332246431568,0.0,0.7188332246431568,0.0,0.22577978110298247,7.9560705771128251e-11
30,0.87305035499549932,0.0,0.69248100740448926,0.0,0.69248100740448926,0.0,0.2163488609634977,4.6684845561859104e-10
32,0.86228211425943635,0.0,0.6587668230498096,0.0,0.6587668230498096,0.0,0.19407773116293503,2.2896790750548734e-08
34,0.85207529476114241,0.0,0.63380087686761988,0.0,0.63380087686761988,0.0,0.15801832335990332,5.359301583579102e-06
36,0.83919895102946884,0.0,0.602223657257837,0.0,0.602223657257837,0.0,0.17871495545582639,2.6584962002027867e-07
38,0.82704019173229781,0.0,0.58089469134736937,0.0,0.58089469134736937,0.0,0.1575406591745,5.7208220509949229e-06
40,0.8171325811722755,0.0,0.56936159394942998,0.0,0.56936159394942998,0.0,0.20402334741933961,4.2298981010184656e-09
42,0.80901629526589558,0.0,0.58060198735616519,0.0,0.58060198735616519,0.0,0.20022822799626888,8.1338658320122955e-09
44,0.82065612340680483,0.0,0.71891593196438064,0.0,0.71891593196438064,0.0,0.19728290776582744,1.3402801292541009e-08
46,0.80698673696124734,0.0,0.67988698438117123,0.0,0.67988698438117123,0.0,0.18516500044935372,9.7186079914006561e-08
48,0.79697341060089055,0.0,0.64751463122206976,0.0,0.64751463122206976,0.0,0.19302707543924655,2.7241469838143558e-08
0,0.99999999999999989,0.0,1.0000000000000002,0.0,1.0000000000000002,0.0,0.99999999999999978,2.4461443463433546e-182
2,0.98828869081095361,0.0,0.93553963149271691,0.0,0.93553963149271691,0.0,0.65631318808043615,1.1661226937206635e-79
4,0.9780435971159831,0.0,0.88592196953687441,0.0,0.88592196953687441,0.0,0.30483607415343439,1.6657045654741253e-18
6,0.96804436022266793,0.0,0.85111106189287433,0.0,0.85111106189287433,0.0,0.27289233696236465,3.9014188685672625e-15
8,0.95597372050086371,0.0,0.80880954036929797,0.0,0.80880954036929797,0.0,0.24839097664853851,8.5194047150621e-13
10,0.94694784931733411,0.0,0.77779174013685537,0.0,0.77779174013685537,0.0,0.29991509994274501,5.8119783760796678e-18
12,0.9360163289730159,0.0,0.74317818543018122,0.0,0.74317818543018122,0.0,0.30522272044390103,1.5086566171598022e-18
14,0.9248423216093784,0.0,0.70810204505863295,0.0,0.70810204505863295,0.0,0.25627208091865694,1.5892321519553976e-13
16,0.91377671845578645,0.0,0.67908405636178393,0.0,0.67908405636178393,0.0,0.2890934459218909,8.4632700163725555e-17
18,0.89997059572269633,0.0,0.64323303277835064,0.0,0.64323303277835064,0.0,0.29735627242081186,1.1044073915604701e-17
20,0.88858403069409131,0.0,0.62685891148629913,0.0,0.62685891148629913,0.0,0.18318488846560338,1.3283575680873674e-07
22,0.90795363842773291,0.0,0.81666396973308597,0.0,0.81666396973308597,0.0,0.20978204333083383,1.5338350201599963e-09
24,0.90304098920384412,0.0,0.79875212710061017,0.0,0.79875212710061017,0.0,0.19460978453136785,2.0961199874388441e-08
26,0.89518003313878425,0.0,0.77003835289335087,0.0,0.77003835289335087,0.0,0.20014947131552283,8.2439695790214865e-09
28,0.88851108529511258,0.0,0.75002429450371577,0.0,0.75002429450371577,0.0,0.20998823220910781,1.4783888918031472e-09
30,0.87936329233565169,0.0,0.72094260427904799,0.0,0.72094260427904799,0.0,0.1949535560017297,1.9796076821630074e-08
32,0.86784714575144517,0.0,0.68429904606151926,0.0,0.68429904606151926,0.0,0.16549831166032769,1.882951267511841e-06
34,0.85798172006524143,0.0,0.65561427137598305,0.0,0.65561427137598305,0.0,0.1413595304409469,4.6910272345674695e-05
36,0.8443775094505438,0.0,0.62553124695151185,0.0,0.62553124695151185,0.0,0.14743680985823446,2.1809850823544265e-05
38,0.83015315793268529,0.0,0.60393476318456629,0.0,0.60393476318456629,0.0,0.15018617902245734,1.5275514818462226e-05
40,0.817635942867315,0.0,0.58731756269146296,0.0,0.58731756269146296,0.0,0.18271262630480539,1.4304744342768871e-07
42,0.83036718852402169,0.0,0.75978168807750235,0.0,0.75978168807750235,0.0,0.21519823627087881,5.7648814226457994e-10
44,0.8237230244993875,0.0,0.7347798561281752,0.0,0.7347798561281752,0.0,0.16355633047831966,2.4810971904118842e-06
46,0.8156082066912882,0.0,0.70387733126646368,0.0,0.70387733126646368,0.0,0.16753005231222867,1.4063541068951581e-06
48,0.80374583273040157,0.0,0.66616136195285169,0.0,0.66616136195285169,0.0,0.17119038918544857,8.243904469257624e-07
0,0.99999999999999989,0.0,1.0000000000000002,0.0,1.0000000000000002,0.0,0.99999999999999978,2.4461443463433546e-182
2,0.98856375432847909,0.0,0.93875074790367641,0.0,0.93875074790367641,0.0,0.83542168055135546,7.1656687835881553e-128
4,0.97847908812424411,0.0,0.88465004368002387,0.0,0.88465004368002387,0.0,0.60363501035983924,1.1306823813482934e-67
6,0.96955276215605757,0.0,0.85233665537083048,0.0,0.85233665537083048,0.0,0.48255551069809188,6.7545481783197038e-44
8,0.96064930862031472,0.0,0.82802069814994905,0.0,0.82802069814994905,0.0,0.52911903442886887,2.0330627047467835e-52
10,0.95161488801645089,0.0,0.79779423975358754,0.0,0.79779423975358754,0.0,0.49980502195526827,5.8001651827167678e-47
12,0.94039551919757558,0.0,0.75756400957337222,0.0,0.75756400957337222,0.0,0.47615992013354719,8.6963983675222097e-43
14,0.92919578003410008,0.0,0.72776554634934187,0.0,0.72776554634934187,0.0,0.44279243758680226,3.1013262547469185e-37
16,0.91795239377315996,0.0,0.69607455084022418,0.0,0.69607455084022418,0.0,0.40296725455297905,3.9500600924690152e-31
18,0.90492353243926316,0.0,0.66394607236327063,0.0,0.66394607236327063,0.0,0.38438812149407275,1.7811014090706984e-28
20,0.89396964008954161,0.0,0.64091879705340793,0.0,0.64091879705340793,0.0,0.35080632850208715,5.433507141213892e-24
22,0.91132980096613903,0.0,0.84101639929343175,0.0,0.84101639929343175,0.0,0.35870892322086839,5.2001989618200892e-25
24,0.90324249236860565,0.0,0.8137531903328209,0.0,0.8137531903328209,0.0,0.3573071107802131,7.9143150213502231e-25
26,0.89546300853865513,0.0,0.7874240614881578,0.0,0.7874240614881578,0.0,0.36227050264172761,1.776065975518136e-25
28,0.88742771618775063,0.0,0.76290508554431946,0.0,0.76290508554431946,0.0,0.36767702875822406,3.4084668777187335e-26
30,0.87978378780245037,0.0,0.73874243440522569,0.0,0.73874243440522569,0.0,0.36313430373900235,1.3665337514995392e-25
32,0.8680089634624798,0.0,0.68790912487283629,0.0,0.68790912487283629,0.0,0.3027295004568879,2.8509059562638271e-18
34,0.85686493848250567,0.0,0.65585476306339707,0.0,0.65585476306339707,0.0,0.32108916742780741,2.3325883923814249e-20
36,0.84451574793777062,0.0,0.61999502534769924,0.0,0.61999502534769924,0.0,0.3030539507800476,2.6250661400347372e-18
38,0.83286529481201388,0.0,0.59008793893939482,0.0,0.59008793893939482,0.0,0.34104383055051951,9.1879256379772294e-23
40,0.81998580488953265,0.0,0.56736087044922767,0.0,0.56736087044922767,0.0,0.33254947254754957,1.009648854321103e-21
42,0.80699205902055848,0.0,0.56449969228846686,0.0,0.56449969228846686,0.0,0.33677284289029713,3.0890637555751157e-22
44,0.82189391884608964,0.0,0.72520998991940067,0.0,0.72520998991940067,0.0,0.30743259930198535,8.5459359115079948e-19
46,0.81201057176526215,0.0,0.69299586832440774,0.0,0.69299586832440774,0.0,0.31861986441660195,4.5241315680241439e-20
48,0.80276577862826015,0.0,0.65220617203644338,0.0,0.65220617203644338,0.0,0.30718331728535631,9.1135997193991013e-19
0,0.99999999999999989,0.0,1.0000000000000002,0.0,1.0000000000000002,0.0,0.99999999999999978,2.4461443463433546e-182
2,0.98903840684800459,0.0,0.94671461515200339,0.0,0.94671461515200339,0.0,0.68758266619409181,3.0217478922736373e-87
4,0.97752089025545197,0.0,0.88928510730753574,0.0,0.88928510730753574,0.0,0.55872112211603397,3.0658482067824709e-58
6,0.96781917258335448,0.0,0.85182616460229976,0.0,0.85182616460229976,0.0,0.35240313530092421,3.3959734739167557e-24
8,0.95568145848838104,0.0,0.80378536604079309,0.0,0.80378536604079309,0.0,0.38483129033716446,1.5446029666557501e-28
10,0.94652631400501586,0.0,0.77904702634533585,0.0,0.77904702634533585,0.0,0.38255147858682398,3.2089163128109565e-28
12,0.93396917506674315,0.0,0.73499200826566302,0.0,0.73499200826566302,0.0,0.37789586054177238,1.4094320147476304e-27
14,0.92387459864298072,0.0,0.70590903080210277,0.0,0.70590903080210277,0.0,0.37477608811444096,3.7616740358507599e-27
16,0.91205624998011114,0.0,0.67781295316879564,0.0,0.67781295316879564,0.0,0.40180858562974608,5.8308335411337324e-31
18,0.89986958939834005,0.0,0.64851573135280427,0.0,0.64851573135280427,0.0,0.40225239483623526,5.0234958457118377e-31
20,0.91147304066753454,0.0,0.8464318168835836,0.0,0.8464318168835836,0.0,0.36207898536066069,1.8821868067075724e-25
22,0.90548636892100764,0.0,0.8235884024919955,0.0,0.8235884024919955,0.0,0.28541812505104114,2.0565012838449101e-16
24,0.89795361897154236,0.0,0.79364783754168344,0.0,0.79364783754168344,0.0,0.30910723045824257,5.5405848172651856e-19
26,0.89080230889234246,0.0,0.77046740423254034,0.0,0.77046740423254034,0.0,0.32979437272487849,2.1690722110496577e-21
28,0.87879695291238902,0.0,0.7294186610961596,0.0,0.7294186610961596,0.0,0.31004975919470157,4.3370083562227699e-19
30,0.86950246428705513,0.0,0.68935310780907966,0.0,0.68935310780907966,0.0,0.28999216720016097,6.8001728017354708e-17
32,0.8595353747181198,0.0,0.66618067528104763,0.0,0.66618067528104763,0.0,0.27738947173581679,1.3764385977920357e-15
34,0.84791019293099834,0.0,0.63581622511348657,0.0,0.63581622511348657,0.0,0.26662117220535952,1.6225526152226247e-14
36,0.83845350476225,0.0,0.61040238433153293,0.0,0.61040238433153293,0.0,0.27423925590047571,2.8606135221929851e-15
38,0.8255985273511095,0.0,0.58623439817652878,0.0,0.58623439817652878,0.0,0.28895575317677652,8.7512593231662319e-17
40,0.81257814161276898,0.0,0.56781608020348373,0.0,0.56781608020348373,0.0,0.28923917232678492,8.1686561509167227e-17
42,0.82503310036816047,0.0,0.74402837442315339,0.0,0.74402837442315339,0.0,0.28704059834926982,1.3915577951635524e-16
44,0.81953599898523677,0.0,0.72031883127237084,0.0,0.72031883127237084,0.0,0.24601760601335196,1.3986405151148652e-12
46,0.80710090037177462,0.0,0.68088641207532885,0.0,0.68088641207532885,0.0,0.21687478744545163,4.2378510447661352e-10
48,0.79782798265971466,0.0,0.65226894486163411,0.0,0.65226894486163411,0.0,0.23841675782159297,6.6344175721262628e-12
0,0.99999999999999989,0.0,1.0000000000000002,0.0,1.0000000000000002,0.0,0.99999999999999978,2.4461443463433546e-182
2,0.99028107026470602,0.0,0.9563808800713216,0.0,0.9563808800713216,0.0,0.76766268596995091,2.8176549149805795e-108
4,0.97855503373540154,0.0,0.88930551080167031,0.0,0.88930551080167031,0.0,0.58646655037497397,5.5549636669852126e-64
6,0.96945271703719293,0.0,0.85568073758869767,0.0,0.85568073758869767,0.0,0.42877422906994461,5.0723176903844579e-35
8,0.96023191183022605,0.0,0.82439753684256933,0.0,0.82439753684256933,0.0,0.51895065627340597,1.7193622986104521e-50
10,0.94939873953285003,0.0,0.78187933469599991,0.0,0.78187933469599991,0.0,0.4516059176961168,1.158159846727669e-38
12,0.93737560470807191,0.0,0.74335865946927548,0.0,0.74335865946927548,0.0,0.3932991951288492,9.8426406650974052e-30
14,0.926268564747743,0.0,0.7152021942685286,0.0,0.7152021942685286,0.0,0.38754812730404165,6.426572511664763e-29
16,0.91405732086150526,0.0,0.67942079478956641,0.0,0.67942079478956641,0.0,0.37248173686123276,7.7037238301694346e-27
18,0.8998816200438895,0.0,0.64247401799793269,0.0,0.64247401799793269,0.0,0.34643030732516611,1.9489207435452057e-23
20,0.88871677259002779,0.0,0.62358647633895592,0.0,0.62358647633895592,0.0,0.37568222749762015,2.8308026791342253e-27
22,0.90745571959162918,0.0,0.82049728886609685,0.0,0.82049728886609685,0.0,0.30829414879555211,6.8400412611872406e-19
24,0.90021032596443984,0.0,0.79795234965372008,0.0,0.79795234965372008,0.0,0.27979699823742971,7.8267402298152141e-16
26,0.89258229295091995,0.0,0.77044877375672371,0.0,0.77044877375672371,0.0,0.28261124492502626,4.021398876455218e-16
28,0.88323812600601004,0.0,0.74336508799907663,0.0,0.74336508799907663,0.0,0.25510912119469364,2.0425675577229292e-13
30,0.87508361776160171,0.0,0.71331399665831885,0.0,0.71331399665831885,0.0,0.26896228095789171,9.5666151903810381e-15
32,0.86545359145896972,0.0,0.68614559320417723,0.0,0.68614559320417723,0.0,0.28071985403430616,6.2958484939713887e-16
34,0.8554692095792461,0.0,0.65824801139440103,0.0,0.65824801139440103,0.0,0.26782919652823461,1.2360868401798791e-14
36,0.8420856816967961,0.0,0.62332518049603269,0.0,0.62332518049603269,0.0,0.2679573446321637,1.2008401724742775e-14
38,0.83033183199559069,0.0,0.59259449583498036,0.0,0.59259449583498036,0.0,0.26129645815132291,5.306552833691182e-14
40,0.81665832213261513,0.0,0.57415751409973315,0.0,0.57415751409973315,0.0,0.24699855213719127,1.1401515503780357e-12
42,0.83112885995478647,0.0,0.75725209237577085,0.0,0.75725209237577085,0.0,0.22970642726078552,3.7281397596987142e-11
44,0.82404867634893264,0.0,0.72727704123349302,0.0,0.72727704123349302,0.0,0.24005440306713585,4.7627723686601453e-12
46,0.81407041028958627,0.0,0.68762146065174357,0.0,0.68762146065174357,0.0,0.24042662813575258,4.4158105862484869e-12
48,0.80361113150959773,0.0,0.65420529461945875,0.0,0.65420529461945875,0.0,0.22733380900658284,5.902834176281316e-11
0,0.99999999999999989,0.0,1.0000000000000002,0.0,1.0000000000000002,0.0,0.99999999999999978,2.4461443463433546e-182
2,0.98841427041875562,0.0,0.93792758204071369,0.0,0.93792758204071369,0.0,0.72943799998059566,5.9670535807512057e-98
4,0.97680798417243164,0.0,0.87647552079062585,0.0,0.87647552079062585,0.0,0.36069741339454531,2.8581787426729067e-25
6,0.96809380475223972,0.0,0.8455346384054635,0.0,0.8455346384054635,0.0,0.49577412947301236,3.0866820067716912e-46
8,0.95827451020524146,0.0,0.81141015358597324,0.0,0.81141015358597324,0.0,0.45992155165184928,4.9106646368880935e-40
10,0.94836107330356623,0.0,0.77623510328355327,0.0,0.77623510328355327,0.0,0.41757621529793154,2.6484849339275482e-33
12,0.9363248394644178,0.0,0.73496516481991425,0.0,0.73496516481991425,0.0,0.41311147126350112,1.2456245432395147e-32
14,0.92537871231796487,0.0,0.70604063401539563,0.0,0.70604063401539563,0.0,0.37701511316126052,1.8610418349335481e-27
16,0.91473682313596871,0.0,0.67452584649775416,0.0,0.67452584649775416,0.0,0.34603594212898903,2.1849888577592408e-23
18,0.90151519629572441,0.0,0.63991717317131247,0.0,0.63991717317131247,0.0,0.26365354498565452,3.149549954759474e-14
20,0.89049134467889524,0.0,0.62130094778720601,0.0,0.62130094778720601,0.0,0.23807431444633573,7.1085745920375163e-12
22,0.90822635678679642,0.0,0.8360873673565471,0.0,0.8360873673565471,0.0,0.24783888847543079,9.5646474236782124e-13
24,0.89900556478686311,0.0,0.79760884838054669,0.0,0.79760884838054669,0.0,0.23613599361622223,1.0488053864143574e-11
26,0.89158586818654673,0.0,0.77225829553584002,0.0,0.77225829553584002,0.0,0.24025758586308502,4.5701949380802599e-12
28,0.88484362279052975,0.0,0.74805833697537605,0.0,0.74805833697537605,0.0,0.26197320066471774,4.5705163050873925e-14
30,0.87507098969280461,0.0,0.71036483243397597,0.0,0.71036483243397597,0.0,0.24650641766655995,1.2633601938009135e-12
32,0.86340026100501222,0.0,0.67558757723023688,0.0,0.67558757723023688,0.0,0.22167918827680649,1.7325486259908442e-10
34,0.85335770923522292,0.0,0.64287645302202145,0.0,0.64287645302202145,0.0,0.20964274451345932,1.572435427689712e-09
36,0.83927383340992379,0.0,0.60726744137706035,0.0,0.60726744137706035,0.0,0.20774393877059741,2.2030776608036838e-09
38,0.82534205662291016,0.0,0.57385077152514807,0.0,0.57385077152514807,0.0,0.20446131919090968,3.9195260104153735e-09
40,0.80986656804299784,0.0,0.5539908975347676,0.0,0.5539908975347676,0.0,0.22128905762832202,1.8643729449073969e-10
42,0.81991614163322335,0.0,0.74299907433675105,0.0,0.74299907433675105,0.0,0.21729230510209527,3.9238262930864707e-10
44,0.81112421029860748,0.0,0.72318674548040329,0.0,0.72318674548040329,0.0,0.23959719590894954,5.2256702267135911e-12
46,0.80386292665618497,0.0,0.70146926422176192,0.0,0.70146926422176192,0.0,0.21675959168544925,4.3287256903127415e-10
48,0.79721682217700585,0.0,0.66430952208521943,0.0,0.66430952208521943,0.0,0.20553969364041152,3.2468075227220198e-09
0,0.99999999999999989,0.0,1.0000000000000002,0.0,1.0000000000000002,0.0,0.99999999999999978,2.4461443463433546e-182
2,0.99012845869178778,0.0,0.95250779977238986,0.0,0.95250779977238986,0.0,0.83306179520226376,3.6764568563017553e-127
4,0.97940520022947319,0.0,0.9020019625775435,0.0,0.9020019625775435,0.0,0.59113357644385112,5.6455655174272648e-65
6,0.96876550483061619,0.0,0.85547909496665586,0.0,0.85547909496665586,0.0,0.38967099044217907,3.2252814536446658e-29
8,0.95861153332804983,0.0,0.81864942213229486,0.0,0.81864942213229486,0.0,0.40054652984961109,8.9002553395801528e-31
10,0.9489448230419828,0.0,0.78375205457958608,0.0,0.78375205457958608,0.0,0.39389433379178002,8.0930385769275243e-30
12,0.93936995020276437,0.0,0.75577594778802504,0.0,0.75577594778802504,0.0,0.41813680680060655,2.1780541763674658e-33
14,0.92777971769819234,0.0,0.72068859460623891,0.0,0.72068859460623891,0.0,0.39442440178239319,6.7967085184851463e-30
16,0.91379880486029774,0.0,0.68117168248229853,0.0,0.68117168248229853,0.0,0.37114443485446441,1.1675928154512343e-26
18,0.90153076637566765,0.0,0.64921018881045722,0.0,0.64921018881045722,0.0,0.39793477730284643,2.1266317928446395e-30
20,0.9133211353297056,0.0,0.84494599730229336,0.0,0.84494599730229336,0.0,0.35512483996210947,1.5169052949300007e-24
22,0.90809111864321146,0.0,0.81806352166332641,0.0,0.81806352166332641,0.0,0.25295915530906432,3.2389468309366611e-13
24,0.9013870134024029,0.0,0.79182762859102129,0.0,0.79182762859102129,0.0,0.24233087305310583,2.9935883963737649e-12
26,0.89342386728025824,0.0,0.76711318440724185,0.0,0.76711318440724185,0.0,0.28041271015352059,6.7693675945977386e-16
28,0.88587350830048439,0.0,0.73869870355149336,0.0,0.73869870355149336,0.0,0.29413914762068838,2.4567338420422742e-17
30,0.87544975478168197,0.0,0.70426276746187022,0.0,0.70426276746187022,0.0,0.29448232667911017,2.2568028441087188e-17
32,0.8648939097382623,0.0,0.66832322565527191,0.0,0.66832322565527191,0.0,0.28576963665641203,1.8899842947020785e-16
34,0.85668863123772376,0.0,0.64480867322796853,0.0,0.64480867322796853,0.0,0.21852902333261687,3.1211163014027261e-10
36,0.84176755386434954,0.0,0.60293124361986727,0.0,0.60293124361986727,0.0,0.2083504680101721,1.9787242814224868e-09
38,0.82996794241286964,0.0,0.58438257587934817,0.0,0.58438257587934817,0.0,0.24861536694375566,8.1273864313996182e-13
40,0.81421346767276825,0.0,0.56835383498635061,0.0,0.56835383498635061,0.0,0.25678724121483226,1.4215266337269499e-13
42,0.82861253566495985,0.0,0.75103086818281506,0.0,0.75103086818281506,0.0,0.2619073174870567,4.6375167453596749e-14
44,0.81936395536441831,0.0,0.72094583437462478,0.0,0.72094583437462478,0.0,0.26512224658709554,2.2702865390260631e-14
46,0.81018597886536314,0.0,0.68283276361571432,0.0,0.68283276361571432,0.0,0.24322312954545247,2.4925808481833049e-12
48,0.79842619577184704,0.0,0.64554130451084946,0.0,0.64554130451084946,0.0,0.27629940182752027,1.7745569479842128e-15
